순위,선수명,팀명,ERA,G,W,L,SV,HLD,WPCT,IP,H,HR,BB,HBP,SO,R,ER,WHIP,CG,SHO,QS,BSV,TBF,NP,AVG,2B,3B,SAC,SF,IBB,WP,BK
1,최지민,KIA,0.00,4,0,0,0,0,-,2 1/3,2,0,3,1,2,0,0,2.14,0,0,0,0,13,58,0.250,1,0,1,0,0,0,0
1,한재승,KIA,0.00,3,0,0,0,1,-,3,1,0,0,0,1,0,0,0.33,0,0,0,0,10,27,0.100,0,0,0,0,0,0,0
1,홍건희,KIA,0.00,3,0,0,0,1,-,3,4,0,0,0,2,1,0,1.33,0,0,0,0,14,61,0.286,1,0,0,0,0,0,0
4,올러,KIA,1.00,3,3,0,0,0,1.000,18,11,0,5,0,15,2,2,0.89,0,0,2,0,69,269,0.172,1,0,0,0,0,1,0
4,이태양,KIA,1.00,6,1,0,0,1,1.000,9,4,0,2,1,3,1,1,0.67,0,0,0,0,33,139,0.138,1,0,0,1,0,0,0
6,성영탁,KIA,1.08,8,0,0,2,3,-,8 1/3,6,0,1,0,6,1,1,0.84,0,0,0,0,32,113,0.194,1,0,0,0,1,1,0
7,네일,KIA,2.35,4,1,1,0,0,0.500,23,17,1,4,3,17,6,6,0.91,0,0,2,0,90,374,0.205,4,0,0,0,0,1,0
8,조상우,KIA,2.57,7,1,1,0,1,0.500,7,7,0,2,0,4,3,2,1.29,0,0,0,1,29,107,0.269,2,0,0,1,0,1,0
9,김범수,KIA,3.38,9,0,0,1,4,-,5 1/3,3,0,5,0,7,3,2,1.50,0,0,0,0,24,99,0.158,0,0,0,0,0,0,0
10,양현종,KIA,3.45,3,1,1,0,0,0.500,15 2/3,8,1,8,0,11,6,6,1.02,0,0,1,0,64,254,0.143,2,0,0,0,0,0,0
11,김태형,KIA,7.94,3,0,1,0,0,0.000,11 1/3,18,3,6,1,5,10,10,2.12,0,0,0,0,58,233,0.353,0,0,0,0,0,1,0
12,김기훈,KIA,9.00,1,0,0,0,0,-,1,0,0,2,0,1,1,1,2.00,0,0,0,0,5,23,0.000,0,0,0,1,0,1,0
13,홍민규,KIA,9.45,6,1,0,0,0,1.000,6 2/3,9,1,4,0,8,7,7,1.95,0,0,0,0,33,129,0.310,3,0,0,0,0,3,0
14,황동하,KIA,9.90,5,1,0,0,1,1.000,10,13,5,7,0,8,11,11,2.00,0,0,0,0,49,233,0.310,2,0,0,0,0,0,0
15,이의리,KIA,11.42,3,0,2,0,0,0.000,8 2/3,13,3,10,0,8,11,11,2.65,0,0,0,0,49,195,0.351,3,1,1,1,0,1,0
16,김시훈,KIA,13.50,2,0,0,0,0,-,2,2,0,2,1,2,3,3,2.00,0,0,0,0,12,41,0.250,2,0,1,0,0,0,0
16,전상현,KIA,13.50,4,0,1,0,2,0.000,3 1/3,6,0,1,1,3,5,5,2.10,0,0,0,1,18,59,0.375,2,0,0,0,0,0,0
18,정해영,KIA,16.88,4,0,0,1,0,-,2 2/3,3,1,4,0,1,5,5,2.63,0,0,0,0,15,55,0.273,1,0,0,0,1,0,0
1,문용익,KT,-,1,0,0,0,0,-,0,1,0,1,0,0,1,1,-,0,0,0,0,2,11,1.000,0,0,0,0,0,0,0
1,보쉴리,KT,0.00,3,3,0,0,0,1.000,17,14,0,5,0,17,0,0,1.12,0,0,2,0,68,287,0.222,1,1,0,0,0,0,0
3,오원석,KT,1.59,3,2,1,0,0,0.667,17,16,1,2,0,18,5,3,1.06,0,0,2,0,69,262,0.242,3,0,0,1,0,0,0
4,박영현,KT,1.93,8,1,0,6,0,1.000,9 1/3,5,0,3,0,9,2,2,0.86,0,0,0,0,36,147,0.161,1,0,1,1,0,1,0
5,한승혁,KT,2.00,10,1,0,0,3,1.000,9,8,0,7,0,10,4,2,1.67,0,0,0,1,44,164,0.216,1,0,0,0,0,0,0
6,김민수,KT,2.16,8,0,1,1,2,0.000,8 1/3,7,0,1,1,6,3,2,0.96,0,0,0,0,34,118,0.226,3,0,1,0,0,0,0
7,전용주,KT,3.00,7,1,1,0,0,0.500,6,5,0,5,0,4,2,2,1.67,0,0,0,0,28,97,0.227,0,0,1,0,1,1,0
8,사우어,KT,4.43,4,1,1,0,0,0.500,22 1/3,22,1,11,3,16,11,11,1.48,0,0,1,0,100,366,0.262,5,2,0,2,0,3,0
9,주권,KT,5.06,5,0,0,0,0,-,5 1/3,4,0,3,0,3,3,3,1.31,0,0,0,0,21,74,0.222,0,0,0,0,0,1,0
10,소형준,KT,6.19,3,1,0,0,0,1.000,16,20,2,4,1,15,11,11,1.50,0,0,1,0,71,275,0.313,7,0,1,1,1,0,0
11,손동현,KT,6.75,7,0,0,0,0,-,6 2/3,8,2,4,1,5,5,5,1.80,0,0,0,0,33,125,0.286,0,0,0,0,0,0,0
12,고영표,KT,7.07,3,1,1,0,0,0.500,14,25,2,4,2,18,12,11,2.07,0,0,0,0,73,262,0.379,2,0,1,0,0,0,0
13,스기모토,KT,7.27,10,0,0,0,2,-,8 2/3,13,1,3,1,10,9,7,1.85,0,0,0,0,43,159,0.333,2,0,0,0,0,1,0
14,우규민,KT,12.27,6,0,0,0,1,-,3 2/3,11,1,0,0,1,5,5,3.00,0,0,0,0,21,80,0.550,3,0,0,1,0,0,0
15,박지훈,KT,81.00,1,0,0,0,0,-,2/3,2,1,2,2,2,6,6,6.00,0,0,0,0,8,37,0.500,0,0,0,0,0,1,0
1,박시원,LG,0.00,2,0,0,0,0,-,2,0,0,1,1,0,0,0,0.50,0,0,0,0,8,33,0.000,0,0,0,0,0,1,0
1,성동현,LG,0.00,2,0,0,0,0,-,1 1/3,0,0,1,0,1,0,0,0.75,0,0,0,0,5,25,0.000,0,0,0,0,0,0,0
1,이우찬,LG,0.00,3,0,0,0,0,-,2,3,0,1,0,2,0,0,2.00,0,0,0,0,10,36,0.333,1,0,0,0,0,0,0
4,송승기,LG,0.59,3,1,0,0,0,1.000,15 1/3,11,1,4,0,13,1,1,0.98,0,0,1,0,60,249,0.196,1,0,0,0,0,1,0
5,유영찬,LG,0.93,10,0,1,9,0,0.000,9 2/3,4,0,6,0,8,1,1,1.03,0,0,0,0,38,144,0.125,0,0,0,0,0,0,0
6,웰스,LG,2.12,3,1,1,0,0,0.500,17,14,1,4,0,9,4,4,1.06,0,0,2,0,69,257,0.215,4,0,0,0,0,0,0
7,우강훈,LG,2.25,8,0,0,0,5,-,8,6,1,2,0,13,2,2,1.00,0,0,0,1,31,123,0.207,1,0,0,0,0,0,0
8,배재준,LG,2.84,6,1,0,0,0,1.000,6 1/3,6,0,6,0,7,2,2,1.89,0,0,0,0,29,118,0.261,0,0,0,0,0,1,0
9,김영우,LG,3.18,6,0,0,0,0,-,5 2/3,5,0,3,0,7,2,2,1.41,0,0,0,0,25,86,0.250,0,1,1,1,1,0,0
10,장현식,LG,3.38,8,2,0,0,5,1.000,8,7,2,2,0,6,3,3,1.13,0,0,0,0,32,125,0.233,0,0,0,0,0,0,0
11,이정용,LG,4.50,5,0,0,0,0,-,6,8,0,2,2,3,3,3,1.67,0,0,0,0,31,110,0.308,3,0,0,1,0,0,0
12,김진성,LG,4.70,8,3,0,0,2,1.000,7 2/3,11,2,1,0,6,4,4,1.57,0,0,0,0,33,132,0.355,2,0,0,1,0,0,0
13,임찬규,LG,4.80,3,0,0,0,0,-,15,25,0,5,0,6,9,8,2.00,0,0,0,0,72,271,0.379,6,0,0,1,0,1,0
13,톨허스트,LG,4.80,3,2,1,0,0,0.667,15,15,2,5,2,16,8,8,1.33,0,0,2,0,67,263,0.250,4,0,0,0,0,0,0
15,치리노스,LG,6.75,4,1,2,0,0,0.333,16,27,0,6,2,15,12,12,2.06,0,0,0,0,82,314,0.375,6,0,2,0,0,1,0
16,함덕주,LG,7.20,6,0,0,0,1,-,5,6,1,2,0,0,4,4,1.60,0,0,0,0,22,95,0.300,0,0,0,0,0,0,0
17,백승현,LG,9.00,3,0,0,0,0,-,3,3,1,1,0,6,3,3,1.33,0,0,0,0,13,58,0.250,0,0,0,0,0,2,0
1,원종해,NC,0.00,6,0,0,0,1,-,5,1,0,0,1,4,0,0,0.20,0,0,0,0,18,79,0.059,0,0,0,0,0,1,0
2,이준혁,NC,1.04,8,0,0,0,1,-,8 2/3,7,0,6,1,6,2,1,1.50,0,0,0,0,39,156,0.226,1,0,1,0,1,0,0
3,배재환,NC,1.23,10,0,0,0,4,-,7 1/3,6,0,4,0,6,1,1,1.36,0,0,0,0,32,113,0.214,1,0,0,0,0,1,0
4,구창모,NC,2.82,4,2,0,0,0,1.000,22 1/3,15,2,8,0,15,7,7,1.03,0,0,1,0,90,325,0.188,4,1,2,0,0,3,0
5,임지민,NC,3.38,9,0,0,1,2,-,8,4,2,2,0,9,3,3,0.75,0,0,0,0,28,111,0.154,0,0,0,0,0,0,0
6,버하겐,NC,3.46,3,1,0,0,0,1.000,13,12,0,4,0,11,5,5,1.23,0,0,0,0,55,220,0.240,1,1,1,0,0,1,0
7,테일러,NC,4.20,3,1,1,0,0,0.500,15,12,0,12,1,13,7,7,1.60,0,0,0,0,66,288,0.226,2,0,0,0,0,2,0
8,신민혁,NC,4.50,3,0,1,0,0,0.000,16,16,4,5,0,7,8,8,1.31,0,0,0,0,67,253,0.262,3,0,1,0,0,0,0
9,토다,NC,4.85,3,1,2,0,0,0.333,13,13,0,7,0,8,8,7,1.54,0,0,1,0,57,202,0.271,2,1,0,2,0,0,0
10,류진욱,NC,6.00,7,1,2,1,0,0.333,6,6,3,3,0,5,4,4,1.50,0,0,0,1,27,116,0.250,0,0,0,0,0,0,0
11,김영규,NC,6.75,11,0,0,0,1,-,8,9,2,6,0,7,6,6,1.88,0,0,0,0,39,140,0.310,3,0,2,2,2,1,0
11,전사민,NC,6.75,5,0,1,0,0,0.000,4,3,0,3,0,4,3,3,1.50,0,0,0,0,17,62,0.214,0,0,0,0,0,0,0
13,김진호,NC,9.00,7,0,1,0,1,0.000,5,6,1,4,0,2,5,5,2.00,0,0,0,1,25,116,0.316,2,1,1,1,0,1,0
13,신영우,NC,9.00,4,1,1,0,0,0.500,4,1,1,3,1,4,4,4,1.00,0,0,0,0,16,58,0.091,0,0,1,0,0,1,0
15,목지훈,NC,11.25,4,0,0,0,0,-,4,5,1,5,1,3,5,5,2.50,0,0,0,0,22,93,0.313,0,0,0,0,0,0,0
16,임정호,NC,27.00,2,0,0,0,0,-,1/3,0,0,1,0,0,1,1,3.00,0,0,0,0,2,8,0.000,0,0,0,0,0,0,0
17,손주환,NC,54.00,1,0,0,0,0,-,1/3,2,1,1,0,0,2,2,9.00,0,0,0,0,4,13,0.667,0,0,0,0,1,0,0
1,문승원,SSG,0.00,6,0,0,0,0,-,6,3,0,3,1,3,3,0,1.00,0,0,0,0,27,108,0.136,0,0,1,0,1,0,0
1,백승건,SSG,0.00,2,0,0,0,0,-,2,4,0,1,0,1,1,0,2.50,0,0,0,0,12,62,0.400,1,0,0,1,0,0,0
1,이로운,SSG,0.00,6,2,0,0,1,1.000,6,4,0,3,0,4,0,0,1.17,0,0,0,0,24,111,0.190,1,0,0,0,1,0,0
1,조병현,SSG,0.00,6,0,0,3,0,-,6 1/3,2,0,3,0,6,0,0,0.79,0,0,0,0,24,95,0.095,0,0,0,0,0,0,0
1,최민준,SSG,0.00,3,1,1,0,0,0.500,13 1/3,8,1,9,0,11,4,0,1.28,0,0,0,0,54,229,0.178,2,0,0,0,0,0,1
6,김민,SSG,0.96,8,3,0,0,3,1.000,9 1/3,7,0,4,0,11,2,1,1.18,0,0,0,0,38,123,0.206,2,0,0,0,2,0,0
7,장지훈,SSG,1.59,3,0,0,0,0,-,5 2/3,3,0,2,2,5,1,1,0.88,0,0,0,0,24,82,0.150,0,0,0,0,0,0,0
8,노경은,SSG,2.84,6,1,1,0,0,0.500,6 1/3,6,1,3,1,5,3,2,1.42,0,0,0,1,27,104,0.261,2,0,0,0,1,1,0
9,한두솔,SSG,3.38,5,0,0,0,0,-,8,11,0,1,2,6,4,3,1.50,0,0,0,0,39,126,0.324,1,0,0,2,0,0,0
10,박시후,SSG,4.15,7,0,0,0,0,-,8 2/3,8,2,3,1,9,6,4,1.27,0,0,0,0,38,137,0.235,4,0,0,0,0,1,0
11,김건우,SSG,5.11,3,1,0,0,0,1.000,12 1/3,12,1,8,1,9,7,7,1.62,0,0,1,0,55,228,0.273,4,0,0,2,0,0,0
12,화이트,SSG,5.23,4,1,1,0,0,0.500,20 2/3,25,1,10,1,18,12,12,1.69,0,0,2,0,97,377,0.294,3,0,0,1,0,2,0
13,베니지아노,SSG,5.52,3,0,1,0,0,0.000,14 2/3,19,1,6,0,9,11,9,1.70,0,0,0,0,70,279,0.311,5,0,3,0,0,1,0
14,전영준,SSG,8.64,8,0,0,0,0,-,8 1/3,4,2,5,2,13,8,8,1.08,0,0,0,0,34,136,0.148,0,0,0,0,0,0,0
15,이기순,SSG,12.00,2,0,0,0,0,-,3,4,0,5,0,2,4,4,3.00,0,0,0,0,18,74,0.308,1,0,0,0,0,1,0
16,타케다,SSG,13.03,3,0,3,0,0,0.000,9 2/3,18,2,7,0,8,14,14,2.59,0,0,0,0,54,216,0.391,4,0,0,1,0,4,0
17,김택형,SSG,40.50,1,0,0,0,0,-,2/3,1,1,2,0,1,3,3,4.50,0,0,0,0,5,25,0.333,0,0,0,0,0,0,0
1,김정우,두산,0.00,5,0,0,0,0,-,6,2,0,2,1,9,0,0,0.67,0,0,0,0,23,84,0.105,1,0,1,0,0,0,0
1,김택연,두산,0.00,6,0,0,1,0,-,5 2/3,2,0,3,0,6,0,0,0.88,0,0,0,0,22,86,0.111,0,0,1,0,0,0,0
1,박정수,두산,0.00,2,0,0,0,0,-,2,1,0,2,0,1,0,0,1.50,0,0,0,0,7,28,0.200,0,0,0,0,0,0,0
1,박치국,두산,0.00,4,0,0,0,0,-,2,4,0,1,2,1,0,0,2.50,0,0,0,0,12,52,0.444,1,0,0,0,0,0,0
1,최원준,두산,0.00,2,0,0,0,0,-,2,1,0,1,0,1,0,0,1.00,0,0,0,0,7,30,0.167,1,0,0,0,0,0,0
6,최민석,두산,0.51,3,2,0,0,0,1.000,17 2/3,9,1,11,1,14,3,1,1.13,0,0,2,0,75,277,0.143,1,0,0,0,0,2,0
7,윤태호,두산,1.80,5,0,0,1,0,-,5,3,0,4,0,4,1,1,1.40,0,0,0,0,22,87,0.176,0,0,1,0,0,0,0
8,잭로그,두산,2.37,3,1,1,0,0,0.500,19,17,2,3,0,16,7,5,1.05,0,0,3,0,78,275,0.233,2,0,2,0,0,0,0
9,곽빈,두산,3.74,4,0,2,0,0,0.000,21 2/3,20,2,11,1,28,12,9,1.43,0,0,2,0,97,375,0.238,4,0,0,1,0,1,0
10,이병헌,두산,4.91,10,0,0,0,1,-,7 1/3,8,1,3,0,8,6,4,1.50,0,0,0,2,34,141,0.267,0,0,0,1,0,1,0
11,플렉센,두산,5.40,2,0,2,0,0,0.000,5,2,1,6,2,3,4,3,1.60,0,0,0,0,26,111,0.111,0,0,0,0,0,0,0
12,최승용,두산,6.08,3,0,2,0,0,0.000,13 1/3,14,0,6,0,9,12,9,1.50,0,0,0,0,60,235,0.269,2,1,0,2,0,1,0
13,양재훈,두산,7.71,7,0,1,0,0,0.000,7,8,1,7,2,11,8,6,2.14,0,0,0,0,39,171,0.276,0,0,1,0,1,3,0
14,이영하,두산,9.00,1,0,1,0,0,0.000,3,5,1,3,0,7,3,3,2.67,0,0,0,0,17,73,0.357,1,0,0,0,0,1,0
15,이용찬,두산,10.13,7,1,0,0,0,1.000,5 1/3,9,2,2,0,5,6,6,2.06,0,0,0,0,28,96,0.360,2,0,1,0,0,1,0
16,박신지,두산,11.70,7,0,0,0,0,-,10,11,2,6,2,8,13,13,1.70,0,0,0,0,48,162,0.289,3,1,1,1,0,0,0
17,타무라,두산,12.86,7,1,1,0,0,0.500,7,15,2,2,0,8,10,10,2.43,0,0,0,0,38,152,0.429,4,0,0,1,0,2,0
18,최지강,두산,22.50,3,0,0,0,0,-,2,8,0,2,0,2,8,5,5.00,0,0,0,0,17,53,0.571,3,1,1,0,0,1,1
1,정현수,롯데,0.00,1,0,0,0,0,-,1/3,0,0,0,0,1,0,0,0.00,0,0,0,0,1,4,0.000,0,0,0,0,0,0,0
2,박정민,롯데,1.04,8,1,1,1,2,0.500,8 2/3,3,1,5,1,12,1,1,0.92,0,0,0,0,34,149,0.107,1,0,0,0,1,0,0
3,최준용,롯데,1.13,8,0,1,3,1,0.000,8,2,0,4,0,9,1,1,0.75,0,0,0,0,30,118,0.077,0,0,0,0,0,2,0
4,나균안,롯데,1.84,3,0,1,0,0,0.000,14 2/3,16,1,7,1,11,5,3,1.57,0,0,0,0,67,265,0.281,2,0,1,1,0,1,0
5,김진욱,롯데,1.86,3,2,0,0,0,1.000,19 1/3,10,1,5,0,15,4,4,0.78,0,0,2,0,72,299,0.152,1,0,1,0,0,0,0
6,박세웅,롯데,2.81,3,0,2,0,0,0.000,16,16,1,6,3,14,9,5,1.38,0,0,1,0,73,275,0.254,3,0,1,0,0,0,0
7,최이준,롯데,4.15,4,0,1,0,0,0.000,4 1/3,3,0,3,0,5,2,2,1.38,0,0,0,0,19,86,0.188,0,0,0,0,0,1,0
8,비슬리,롯데,4.20,3,1,0,0,0,1.000,15,17,0,5,2,16,8,7,1.47,0,0,1,0,68,278,0.283,3,0,1,0,0,0,0
9,로드리게스,롯데,4.91,4,2,1,0,0,0.667,22,21,3,13,1,19,12,12,1.55,0,0,1,0,98,388,0.253,7,0,1,0,0,3,0
10,정철원,롯데,5.68,7,0,1,0,1,0.000,6 1/3,7,1,3,0,5,4,4,1.58,0,0,0,1,28,114,0.292,2,0,1,0,0,2,0
11,쿄야마,롯데,5.87,7,0,1,0,1,0.000,7 2/3,9,0,6,0,9,6,5,1.96,0,0,0,0,37,161,0.290,2,0,0,0,0,2,0
12,김원중,롯데,7.20,7,0,1,0,1,0.000,5,7,0,5,0,1,4,4,2.40,0,0,0,0,27,110,0.333,3,0,1,0,1,1,0
13,김강현,롯데,10.80,1,0,0,0,0,-,1 2/3,2,0,2,0,2,2,2,2.40,0,0,0,0,8,34,0.333,1,0,0,0,0,1,0
13,박준우,롯데,10.80,2,0,0,0,0,-,1 2/3,3,0,0,1,2,2,2,1.80,0,0,0,0,8,35,0.500,0,0,1,0,0,2,0
15,이민석,롯데,14.54,3,0,0,0,0,-,4 1/3,6,1,5,0,4,7,7,2.54,0,0,0,0,24,99,0.316,2,0,0,0,0,3,0
16,신동건,롯데,18.00,1,0,0,0,0,-,1,1,0,4,0,1,2,2,5.00,0,0,0,0,8,33,0.333,0,0,0,1,0,0,0
16,최충연,롯데,18.00,1,0,0,0,0,-,1,3,0,1,0,0,2,2,4.00,0,0,0,0,7,28,0.500,2,0,0,0,0,0,0
18,윤성빈,롯데,19.29,3,0,0,0,0,-,2 1/3,4,0,4,0,1,5,5,3.43,0,0,0,0,15,58,0.364,3,0,0,0,0,1,0
1,원태인,삼성,0.00,1,0,0,0,0,-,3 2/3,4,0,1,1,3,0,0,1.36,0,0,0,0,16,69,0.286,1,0,0,0,0,0,0
2,이승민,삼성,1.13,8,0,0,0,2,-,8,1,0,7,0,6,1,1,1.00,0,0,0,0,32,137,0.042,1,0,1,0,0,0,0
3,이승현,삼성,1.29,8,3,0,0,1,1.000,7,6,1,2,0,6,1,1,1.14,0,0,0,0,47,171,0.371,2,0,1,0,0,0,0
4,김재윤,삼성,1.50,6,0,0,4,0,-,6,4,1,2,0,5,1,1,1.00,0,0,0,0,23,75,0.190,1,0,0,0,0,0,0
4,최지광,삼성,1.50,7,1,0,1,1,1.000,6,6,0,3,1,5,3,1,1.50,0,0,0,1,29,97,0.240,0,0,0,0,0,0,0
6,후라도,삼성,2.16,4,2,1,0,0,0.667,25,24,3,2,1,15,7,6,1.04,0,0,4,0,102,382,0.250,3,1,1,2,0,1,0
7,임기영,삼성,2.57,6,0,0,0,0,-,7,7,2,1,1,4,2,2,1.14,0,0,0,0,30,112,0.250,1,0,0,0,0,0,0
8,배찬승,삼성,2.70,9,1,0,0,2,1.000,6 2/3,7,2,4,0,2,2,2,1.65,0,0,0,0,30,113,0.269,1,0,0,0,0,1,0
8,백정현,삼성,2.70,6,1,0,0,1,1.000,6 2/3,2,1,3,0,2,2,2,0.75,0,0,0,0,25,93,0.091,0,0,0,0,0,0,0
10,장찬희,삼성,3.38,5,2,0,0,0,1.000,10 2/3,12,2,3,0,9,5,4,1.41,0,0,0,0,49,165,0.273,2,0,1,1,1,0,0
11,미야지,삼성,3.68,8,0,0,0,2,-,7 1/3,4,1,4,1,7,3,3,1.09,0,0,0,0,30,114,0.160,1,0,0,0,0,0,0
12,양창섭,삼성,6.17,3,1,0,0,0,1.000,11 2/3,15,0,6,1,11,8,8,1.80,0,0,0,0,56,212,0.306,2,0,0,0,0,0,0
13,최원태,삼성,6.32,3,0,1,0,0,0.000,15 2/3,22,2,8,1,15,11,11,1.91,0,0,1,0,72,280,0.355,4,0,0,1,0,0,0
14,오러클린,삼성,7.11,3,0,1,0,0,0.000,12 2/3,14,0,7,4,11,10,10,1.66,0,0,1,0,60,249,0.298,4,0,1,1,0,0,0
15,육선엽,삼성,11.57,2,0,0,0,0,-,2 1/3,2,1,3,1,3,3,3,2.14,0,0,0,0,13,53,0.286,1,0,1,1,0,2,0
16,이승현,삼성,15.26,2,0,1,0,0,0.000,7 2/3,13,2,10,1,5,13,13,3.00,0,0,0,0,47,171,0.371,2,0,1,0,0,0,0
1,안우진,키움,0.00,1,0,0,0,0,-,1,1,0,1,0,1,0,0,2.00,0,0,0,0,5,24,0.250,0,0,0,0,0,0,0
1,원종현,키움,0.00,2,0,0,0,0,-,2,2,0,0,0,0,0,0,1.00,0,0,0,0,8,24,0.250,0,0,0,0,0,0,0
1,이준우,키움,0.00,3,0,0,0,0,-,3,0,0,2,0,2,0,0,0.67,0,0,0,0,10,44,0.000,0,0,0,0,0,0,0
4,배동현,키움,1.65,4,3,0,0,0,1.000,16 1/3,15,1,2,1,13,3,3,1.04,0,0,0,1,66,253,0.246,4,1,0,2,0,0,0
5,와일스,키움,3.00,3,0,2,0,0,0.000,18,20,1,2,1,15,7,6,1.22,0,0,2,0,79,289,0.270,3,0,0,2,0,0,0
6,오석주,키움,3.38,6,0,0,0,0,-,8,6,0,7,1,7,4,3,1.63,0,0,0,0,39,163,0.200,2,0,0,1,0,0,0
7,알칸타라,키움,3.80,4,1,2,0,0,0.333,23 2/3,31,4,3,0,29,10,10,1.44,0,0,3,0,102,382,0.313,3,1,0,0,0,2,0
8,박정훈,키움,4.05,8,0,0,0,3,-,6 2/3,4,0,7,0,5,3,3,1.65,0,0,0,0,30,109,0.190,1,0,2,0,0,1,0
9,박진형,키움,4.91,7,0,0,0,1,-,7 1/3,9,2,2,0,7,4,4,1.50,0,0,0,0,31,108,0.310,1,1,0,0,0,0,0
9,정다훈,키움,4.91,4,0,0,0,0,-,3 2/3,5,1,2,1,0,2,2,1.91,0,0,0,0,19,76,0.333,1,0,1,0,0,0,0
11,김재웅,키움,5.40,5,0,0,3,1,-,5,4,0,3,0,3,3,3,1.40,0,0,0,1,22,86,0.222,1,0,1,0,0,0,0
12,하영민,키움,6.75,3,0,2,0,0,0.000,12,15,3,11,1,10,12,9,2.17,0,0,0,0,62,248,0.313,3,0,1,1,0,3,0
13,김성진,키움,7.11,7,0,1,0,3,0.000,6 1/3,7,0,3,1,5,5,5,1.58,0,0,0,0,28,116,0.292,2,0,0,0,0,0,0
14,박윤성,키움,7.71,4,0,1,0,1,0.000,2 1/3,2,0,2,0,1,2,2,1.71,0,0,0,1,10,31,0.250,0,0,0,0,0,0,0
14,유토,키움,7.71,7,0,1,0,3,0.000,4 2/3,9,0,0,0,3,4,4,1.93,0,0,0,1,23,105,0.391,2,0,0,0,0,0,0
16,정현우,키움,10.80,1,0,1,0,0,0.000,5,5,1,3,0,3,6,6,1.60,0,0,0,0,22,84,0.263,2,0,0,0,0,0,0
17,전준표,키움,11.57,4,0,0,0,0,-,2 1/3,5,0,5,1,2,3,3,4.29,0,0,0,0,18,85,0.417,1,0,0,0,0,2,0
18,정세영,키움,12.60,3,0,2,0,0,0.000,10,19,2,5,1,3,16,14,2.40,0,0,0,0,56,206,0.413,4,0,3,1,0,2,0
19,윤석원,키움,19.29,2,0,0,0,0,-,2 1/3,6,1,0,0,1,5,5,2.57,0,0,0,0,13,41,0.500,1,0,0,1,0,1,0
1,박재규,한화,0.00,1,0,0,0,0,-,1/3,1,0,0,0,0,0,0,3.00,0,0,0,0,2,10,0.500,0,0,0,0,0,0,0
1,이교훈,한화,0.00,1,0,0,0,0,-,1/3,1,0,1,0,1,2,0,6.00,0,0,0,0,3,11,0.500,0,0,0,0,0,0,0
1,이민우,한화,0.00,3,0,0,0,0,-,2,0,0,1,1,0,0,0,0.50,0,0,0,0,9,38,0.000,0,0,0,1,0,0,0
4,조동욱,한화,1.42,9,0,0,0,3,-,6 1/3,3,0,3,0,6,1,1,0.95,0,0,0,0,24,80,0.143,0,0,0,0,0,1,0
5,왕옌청,한화,1.59,4,2,1,0,0,0.667,22 2/3,21,0,6,2,20,10,4,1.19,0,0,2,0,95,360,0.241,4,0,0,0,0,1,0
6,류현진,한화,2.45,2,1,0,0,0,1.000,11,7,2,2,0,14,4,3,0.82,0,0,1,0,41,175,0.179,3,0,0,0,0,0,0
7,김종수,한화,2.57,8,0,0,0,2,-,7,4,1,2,1,8,2,2,0.86,0,0,0,0,27,106,0.167,0,1,0,0,0,0,0
8,황준서,한화,3.38,4,0,1,0,0,0.000,8,7,0,4,0,11,3,3,1.38,0,0,0,0,36,155,0.241,1,0,2,1,0,0,0
9,화이트,한화,3.86,1,0,1,0,0,0.000,2 1/3,4,0,1,0,2,1,1,2.14,0,0,0,0,13,57,0.333,1,0,0,0,0,1,0
10,강건우,한화,4.50,5,0,0,0,0,-,8,14,1,6,1,6,5,4,2.50,0,0,0,0,46,154,0.359,0,0,0,0,0,0,0
10,문동주,한화,4.50,3,1,1,0,0,0.500,14,18,2,8,1,13,7,7,1.86,0,0,0,0,67,264,0.310,4,1,0,0,0,0,0
12,이상규,한화,6.23,4,0,0,0,0,-,4 1/3,5,0,4,0,5,6,3,2.08,0,0,0,0,24,82,0.278,0,0,2,0,0,0,0
13,쿠싱,한화,7.36,2,0,1,0,0,0.000,3 2/3,4,0,2,0,3,3,3,1.64,0,0,0,0,18,74,0.250,2,0,0,0,0,0,0
14,강재민,한화,7.71,2,0,0,0,0,-,2 1/3,2,0,3,2,1,2,2,2.14,0,0,0,0,14,51,0.222,0,0,0,0,0,0,0
14,박준영,한화,7.71,7,0,0,0,0,-,4 2/3,7,1,6,0,6,5,4,2.79,0,0,0,0,26,112,0.368,2,1,0,1,0,0,0
16,김서현,한화,9.00,7,0,1,1,0,0.000,6,5,0,12,2,5,6,6,2.83,0,0,0,1,37,155,0.227,1,0,1,0,0,1,0
16,윤산흠,한화,9.00,7,0,0,0,0,-,6,8,1,5,1,5,6,6,2.17,0,0,0,0,31,126,0.333,3,0,1,0,0,0,0
18,정우주,한화,9.82,11,0,0,0,3,-,7 1/3,12,0,7,2,12,8,8,2.59,0,0,0,1,42,177,0.364,3,0,0,0,0,3,0
19,에르난데스,한화,9.98,4,1,2,0,0,0.333,15 1/3,20,2,11,0,10,18,17,2.02,0,0,0,0,76,311,0.313,4,0,1,0,0,0,0
20,박상원,한화,12.86,9,0,1,0,2,0.000,7,12,0,5,0,10,10,10,2.43,0,0,0,1,38,152,0.375,3,0,0,1,0,0,0
21,김범준,한화,13.50,1,0,0,0,0,-,2/3,2,0,0,0,0,1,1,3.00,0,0,0,0,4,14,0.667,0,1,1,0,0,0,0
22,김도빈,한화,22.50,5,0,1,0,1,0.000,4,3,0,8,2,6,10,10,2.75,0,0,0,0,25,112,0.214,2,1,0,1,0,3,0
23,엄상백,한화,27.00,1,0,0,0,0,-,1/3,2,0,0,1,0,1,1,6.00,0,0,0,0,4,13,0.667,2,0,0,0,0,0,0
24,원종혁,한화,33.75,3,1,0,0,0,1.000,1 1/3,7,1,3,0,2,6,5,7.50,0,0,0,0,15,60,0.583,2,0,0,0,0,0,0
